{"latlng":[[-21.71738,166.187128],[-21.717386,166.187106],[-21.7174,166.187074],[-21.717419,166.187063],[-21.71744,166.187021],[-21.717466,166.186988],[-21.717495,166.186935],[-21.717531,166.186892],[-21.717575,166.186827],[-21.717625,166.186752],[-21.71768,166.186677],[-21.717746,166.186602],[-21.71782,166.186527],[-21.717905,166.186452],[-21.718005,166.186388],[-21.718113,166.186345],[-21.718227,166.186334],[-21.718343,166.186312],[-21.718457,166.186312],[-21.718569,166.186312],[-21.718681,166.186345],[-21.718782,166.186377],[-21.71888,166.186441],[-21.718972,166.186495],[-21.719063,166.18657],[-21.719155,166.186645],[-21.719252,166.186709],[-21.719354,166.186752],[-21.719453,166.186817],[-21.719544,166.18686],[-21.719617,166.186892],[-21.71967,166.186913],[-21.7197,166.186924],[-21.719713,166.186924],[-21.719731,166.186935],[-21.719753,166.186935],[-21.71978,166.186935],[-21.719811,166.186956],[-21.719829,166.186956],[-21.719834,166.186956],[-21.719846,166.186967],[-21.719851,166.186967],[-21.719858,166.186967],[-21.719861,166.186967],[-21.719866,166.186967],[-21.719874,166.186967]],"distance":[0,1.699999999999818,4.599999999999454,8.099999999999454,12.199999999999818,17,22.5,29.300000000000182,37.19999999999982,46.19999999999982,56.19999999999982,67,78.59999999999945,90.89999999999964,103.59999999999945,116.59999999999945,129.4999999999991,142.30000000000018,154.90000000000055,167.40000000000055,179.80000000000018,191.9999999999991,204.19999999999982,216.4999999999991,229.09999999999945,241.4999999999991,254.19999999999982,266.8000000000002,278.9999999999991,290.1999999999998,298.8000000000002,304.90000000000055,308.59999999999945,310.09999999999945,311.9999999999991,314.59999999999945,317.6999999999998,321.1999999999998,323.1999999999998,323.6999999999998,325.1999999999998,325.8000000000002,326.59999999999945,326.8000000000002,327.4999999999991,328.4999999999991],"altitude":[16,16.2,16.2,16.2,16.2,16.2,16.2,16,15.8,15.4,15,14.6,14,13.6,13.6,13.8,14.2,14.6,15,15.4,15.6,15.4,15,14.6,14,13.6,13.6,13.6,14,14.4,14.6,14.8,15,15,15,15.2,15.2,15.2,15.2,15.4,15.4,15.4,15.4,15.4,15.4,15.4]}