{"latlng":[[37.54645,-77.443512],[37.546364,-77.443362],[37.546281,-77.443206],[37.546192,-77.443056],[37.546112,-77.442906],[37.546026,-77.442745],[37.545937,-77.442589],[37.545846,-77.442439],[37.545758,-77.442284],[37.545666,-77.442139],[37.545575,-77.441989],[37.545487,-77.441833],[37.545395,-77.441683],[37.545307,-77.441533],[37.545216,-77.441377],[37.54513,-77.441227],[37.545041,-77.441071],[37.544953,-77.440921]],"distance":[0,16.300000000000182,32.899999999999636,49.399999999999636,65.39999999999964,82.5,99.5,116.09999999999945,133,149.30000000000018,166,182.89999999999964,199.59999999999945,216.09999999999945,233.19999999999982,249.5,266.5,283],"altitude":[54,54,54,54,53.8,53.8,53.8,53.8,53.8,53.8,53.8,53.8,53.8,53.8,53.8,53.8,53.8,53.8]}