{"latlng":[[-11.640803,166.978637],[-11.640834,166.978658],[-11.64088,166.978701],[-11.640928,166.978744],[-11.640974,166.97883],[-11.641014,166.978916],[-11.641047,166.979023],[-11.641077,166.979131],[-11.641094,166.979249],[-11.641104,166.979388],[-11.6411,166.979517],[-11.641085,166.979645],[-11.641059,166.979785],[-11.64102,166.979924],[-11.640975,166.980064],[-11.640923,166.980203],[-11.640866,166.980354],[-11.640803,166.980493],[-11.640738,166.980622],[-11.640665,166.980761],[-11.640589,166.980901],[-11.640505,166.98104],[-11.64041,166.981158],[-11.640307,166.981276],[-11.640194,166.981384],[-11.640076,166.981491],[-11.639957,166.981598],[-11.639836,166.981705],[-11.63973,166.981802],[-11.639634,166.981877],[-11.639552,166.98192],[-11.639486,166.981963],[-11.639439,166.981995],[-11.639403,166.982017],[-11.639358,166.982059],[-11.639301,166.982102],[-11.639261,166.982156],[-11.639238,166.982177],[-11.639229,166.982199],[-11.639213,166.982242],[-11.639197,166.982285],[-11.639189,166.982317],[-11.639187,166.982338],[-11.639187,166.982338],[-11.639186,166.98236]],"distance":[0,4.099999999999454,10.799999999999272,19.199999999999818,29,39.899999999999636,51.69999999999982,64.39999999999964,77.69999999999982,91.69999999999982,106.09999999999945,121,136.39999999999964,152.09999999999945,168,184.29999999999927,200.69999999999982,217.39999999999964,234.29999999999927,251.29999999999927,268.5,285.6999999999998,303.09999999999945,320.59999999999945,338,355.59999999999945,373.1999999999998,390.7999999999993,406.39999999999964,419.39999999999964,430.1999999999998,438.59999999999945,444.7999999999993,449.5,456,463.89999999999964,470.2999999999993,474.59999999999945,477,481.7999999999993,487.59999999999945,491.2999999999993,492.89999999999964,493,496.59999999999945],"altitude":[13.2,13.2,13.2,13.2,13.2,13.2,13.2,13.2,13.2,13.2,13.2,13.2,13.2,13.2,13.2,13.2,13.4,13.4,13.4,13.4,13.4,13.6,13.6,13.8,13.8,13.8,14,14,14.2,14.2,14.2,14.2,14.2,14.2,14.2,14.2,14.4,14.4,14.4,14.4,14.4,14.4,14.4,14.4,14.4]}