{"latlng":[[-11.645865,166.948274],[-11.645975,166.948349],[-11.646089,166.948425],[-11.6462,166.94851],[-11.646315,166.948586],[-11.646435,166.948661],[-11.646555,166.948746],[-11.646675,166.948822],[-11.646795,166.948907],[-11.646917,166.948993],[-11.647034,166.949068],[-11.647152,166.949143],[-11.647261,166.949219]],"distance":[0,14.700000000000728,29.900000000001455,45.30000000000291,60.60000000000218,76.20000000000073,92.5,108.20000000000073,124.5,141,156.3000000000029,171.8000000000029,186.5],"altitude":[10.4,10.4,10.4,10.4,10.4,10.4,10.4,10.4,10.4,10.4,10.4,10.4,10.4]}