{"latlng":[[-21.738973,166.171496],[-21.738965,166.171517],[-21.738953,166.171528],[-21.738934,166.17156],[-21.738912,166.171592],[-21.738883,166.171635],[-21.738847,166.171678],[-21.738807,166.171743],[-21.738761,166.171807],[-21.738715,166.171861],[-21.738666,166.171936],[-21.738613,166.172022],[-21.73856,166.172097],[-21.738505,166.172183],[-21.738446,166.172258],[-21.738387,166.172354],[-21.738324,166.17244],[-21.738261,166.172537],[-21.738196,166.172622],[-21.738131,166.172719],[-21.738065,166.172826],[-21.737998,166.172912],[-21.737931,166.173009],[-21.73786,166.173116],[-21.737791,166.173202],[-21.737731,166.173309],[-21.737685,166.173438],[-21.737665,166.173556],[-21.737679,166.173663],[-21.737708,166.173738],[-21.737738,166.173803],[-21.737763,166.173835],[-21.737777,166.173846],[-21.73779,166.173867],[-21.737809,166.173878],[-21.73783,166.17391],[-21.737854,166.173942],[-21.737881,166.173974],[-21.737909,166.173996],[-21.737943,166.174049],[-21.737975,166.174082],[-21.737999,166.174103],[-21.738011,166.174124],[-21.738022,166.174135],[-21.738042,166.174157],[-21.738053,166.174167],[-21.738054,166.174167],[-21.738065,166.174167],[-21.738066,166.174167],[-21.73807,166.174178],[-21.738072,166.174178],[-21.738078,166.174178],[-21.738089,166.1742]],"distance":[0,1.5,4.200000000004366,7.5,11.700000000004366,17.200000000004366,23.700000000004366,31.10000000000582,39.200000000004366,47.900000000001455,57.200000000004366,67,77.20000000000437,87.80000000000291,98.70000000000437,109.90000000000146,121.5,133.40000000000146,145.20000000000437,157.40000000000146,169.90000000000146,182.40000000000146,194.90000000000146,207.8000000000029,220.8000000000029,233.90000000000146,247.10000000000582,260,270.90000000000146,279.40000000000146,285.90000000000146,290.20000000000437,292.40000000000146,294.40000000000146,297.40000000000146,301,305.1000000000058,309.6000000000058,314.6000000000058,319.90000000000146,325.3000000000029,329.1000000000058,330.90000000000146,332.8000000000029,335.6000000000058,337.3000000000029,337.5,338.90000000000146,339.1000000000058,339.70000000000437,340.1000000000058,341,342.8000000000029],"altitude":[13,13,13,13,13,13,13,13,13,13,13,13,13,13,13,13,13,13,13,13,13,13,13,13,13,13,13,13,13,13,13,13,13,13,13,13,13,13,13,13,13,13,13,13,13,13,13,13,13,13,13,13,13]}