{"latlng":[[37.55739,-77.466343],[37.557347,-77.466273],[37.557305,-77.466204],[37.557259,-77.466128],[37.557213,-77.466053],[37.557168,-77.465973],[37.557119,-77.465892],[37.557068,-77.465807],[37.55702,-77.465721],[37.556969,-77.46564],[37.556916,-77.465549],[37.556867,-77.465463],[37.556816,-77.465377],[37.556768,-77.465297],[37.556722,-77.465211],[37.556672,-77.465136],[37.556626,-77.465061],[37.55658,-77.464975],[37.556535,-77.4649],[37.556492,-77.464825],[37.556446,-77.464755],[37.556406,-77.46468],[37.556363,-77.4646],[37.55632,-77.464535],[37.556275,-77.464455],[37.556237,-77.46439],[37.556194,-77.464321]],"distance":[0,7.799999999999272,15.5,23.899999999999636,32.29999999999927,40.899999999999636,49.899999999999636,59.29999999999927,68.59999999999945,77.69999999999982,87.69999999999982,97,106.5,115.39999999999964,124.5,133.19999999999982,141.5,150.69999999999982,159,167.19999999999982,175.19999999999982,183.19999999999982,191.69999999999982,199.09999999999945,207.79999999999927,214.89999999999964,222.69999999999982],"altitude":[64.6,64.6,64.6,64.6,64.6,64.6,64.4,64.4,64.4,64.4,64.4,64.2,64.2,64.2,64.2,64.2,64,64,64,64,64,63.8,63.8,63.8,63.8,63.8,63.6]}