{"latlng":[[51.505145,-0.132421],[51.505113,-0.132506],[51.505076,-0.132604],[51.505033,-0.132713],[51.504984,-0.132831],[51.504936,-0.132954],[51.504883,-0.133088],[51.504829,-0.133227],[51.504765,-0.133371],[51.504706,-0.133519],[51.504641,-0.133672],[51.504582,-0.133818],[51.504523,-0.133965],[51.504459,-0.134106],[51.504405,-0.134248],[51.504346,-0.134385],[51.504287,-0.134522],[51.504233,-0.134657]],"distance":[0,6.899999999999636,14.899999999999636,23.799999999999272,33.5,43.69999999999982,54.79999999999927,66.39999999999964,78.39999999999964,90.69999999999982,103.39999999999964,115.59999999999945,127.79999999999927,139.59999999999945,151.5,163,174.29999999999927,185.59999999999945],"altitude":[19.6,19.4,19.4,19.2,19,19,18.8,18.6,18.4,18.2,18.2,18,17.8,17.6,17.4,17.4,17.2,17]}