{"latlng":[[51.503364,-0.137075],[51.503391,-0.137009],[51.503423,-0.13693],[51.503456,-0.136838],[51.503493,-0.136736],[51.503536,-0.136629],[51.503584,-0.136515],[51.503627,-0.136394],[51.503681,-0.13627],[51.503735,-0.136138],[51.503783,-0.136006],[51.503837,-0.135882],[51.50389,-0.135757],[51.503938,-0.135638],[51.503987,-0.135523],[51.504035,-0.135412],[51.504078,-0.135305],[51.504121,-0.135202],[51.504164,-0.135101],[51.504201,-0.135002],[51.504244,-0.134908],[51.504282,-0.134816],[51.504314,-0.134728]],"distance":[0,5.5,12,19.5,27.80000000000109,36.5,45.899999999999636,55.899999999999636,66.10000000000036,77,88,98.30000000000109,108.70000000000073,118.60000000000036,128.10000000000036,137.39999999999964,146.3000000000011,154.89999999999964,163.3000000000011,171.60000000000036,179.39999999999964,187,194.39999999999964],"altitude":[14.8,14.8,15,15,15,15.2,15.2,15.4,15.6,15.6,15.8,15.8,16,16.2,16.2,16.4,16.4,16.6,16.6,16.8,16.8,17,17]}