{"latlng":[[-11.649098,166.94939],[-11.649075,166.949347],[-11.64905,166.949283],[-11.64902,166.949208],[-11.648987,166.949111],[-11.648952,166.949025],[-11.648914,166.948918],[-11.648874,166.948811],[-11.648831,166.948693],[-11.64878,166.948564],[-11.648721,166.948457],[-11.648637,166.948339],[-11.648504,166.948317],[-11.648393,166.948414],[-11.648303,166.948521],[-11.648222,166.948639],[-11.648147,166.948768],[-11.648072,166.948907],[-11.647998,166.949025],[-11.647923,166.949165],[-11.647848,166.949272],[-11.64776,166.949379],[-11.647652,166.949455],[-11.64753,166.949465],[-11.647422,166.949422],[-11.64733,166.949347],[-11.647242,166.949251]],"distance":[0,5.30000000000291,12.80000000000291,21.69999999999709,32.900000000001455,43,55.400000000001455,67.90000000000146,81.59999999999854,96.80000000000291,110.19999999999709,126.09999999999854,141.09999999999854,157.3000000000029,172.6999999999971,188.40000000000146,204.8000000000029,222.09999999999854,237.3000000000029,254.6999999999971,269.09999999999854,284.3000000000029,298.90000000000146,312.5,325.40000000000146,338.5,352.90000000000146],"altitude":[10.8,10.8,10.6,10.6,10.6,10.4,10.4,10.2,10.2,10,10,9.8,9.8,10,10,10.2,10.2,10.4,10.6,10.6,10.8,10.8,11,10.8,10.6,10.4,10.4]}