{"latlng":[[53.995104,-1.557614],[53.995094,-1.557642],[53.995078,-1.557677],[53.995062,-1.557719],[53.995045,-1.557766],[53.995029,-1.557818],[53.995013,-1.557873],[53.994997,-1.557932],[53.994976,-1.557993],[53.994954,-1.558059],[53.994933,-1.558127],[53.994911,-1.558199],[53.994884,-1.558275],[53.994858,-1.55837],[53.994831,-1.558487],[53.994799,-1.558619],[53.994761,-1.558768],[53.994724,-1.558926],[53.994686,-1.559093],[53.994643,-1.559275],[53.9946,-1.559465],[53.994552,-1.559659],[53.994509,-1.559862],[53.994461,-1.560075],[53.994396,-1.560264],[53.994262,-1.560262],[53.994144,-1.560185],[53.994015,-1.5601],[53.993897,-1.56002],[53.993774,-1.559949],[53.993656,-1.559879],[53.993538,-1.55981],[53.993436,-1.559749],[53.993356,-1.559698],[53.993302,-1.559661],[53.993259,-1.559631],[53.993216,-1.559597],[53.993168,-1.559564],[53.993125,-1.559534],[53.993077,-1.559505],[53.993034,-1.559476],[53.99298,-1.559447],[53.992937,-1.559417],[53.992889,-1.559388],[53.992835,-1.559357],[53.992787,-1.559324],[53.992744,-1.559293],[53.992707,-1.559271],[53.992696,-1.559261],[53.992696,-1.559261],[53.992696,-1.55926],[53.99268,-1.559249]],"distance":[0,2.1999999999989086,5,8.099999999998545,11.699999999998909,15.599999999998545,19.69999999999891,24.099999999998545,28.599999999998545,33.5,38.5,43.899999999999636,49.5,56.399999999999636,64.79999999999927,74.19999999999891,84.79999999999927,95.89999999999964,107.69999999999891,120.5,133.89999999999964,147.59999999999854,161.79999999999927,176.59999999999854,191.1999999999989,206.59999999999854,221.1999999999989,236.09999999999854,250.29999999999927,264.5,278.6999999999989,292.59999999999854,304.5,313.7999999999993,320.1999999999989,325.1999999999989,330.89999999999964,336.39999999999964,341.89999999999964,347.5,352.7999999999993,358.5,364.09999999999854,369.7999999999993,375.6999999999989,381.59999999999854,387.2999999999993,391,392.39999999999964,392.5,392.59999999999854,394.2999999999993],"altitude":[124.4,124.4,124.6,124.6,124.8,124.8,125,125,125,125.2,125.2,125.2,125.2,125.2,125.2,125.2,125.2,125,125,124.8,124.6,124.6,124.4,124.2,124.2,124.8,125.6,126.2,127,127.8,128.6,129.4,130,130.6,130.8,131.2,131.4,131.6,131.8,132,132.2,132.2,132.4,132.4,132.6,132.6,132.6,132.6,132.6,132.6,132.6,132.6]}